Country Name,Country Code,2000,2001,2002,2003,2004,2005,2006,2007,2008,2009,2010,2011,2012,2013,2014
Angola,AGO,75.05660874,82.43408541,85.75827128,95.4218969,87.03618776,108.6303766,143.9118833,132.6812806,171.8795813,188.9616674,206.3405781,207.0312589,219.3563555,280.402518,312.4760173
Albania,ALB,1449.647413,1351.230796,1578.165919,1469.264539,1797.525487,1722.07285,1218.360146,1213.124369,1617.744156,1835.684072,1943.343354,2205.70392,2118.327776,2533.252829,2309.366503
Arab World,ARB,1509.812123,1573.005077,1641.178384,1711.669345,1758.499258,1832.830332,1932.4027,1987.110982,2053.188918,2110.76123,2286.73538,2322.213342,2360.619175,2416.282624,2489.220073
United Arab Emirates,ARE,12232.62043,12048.59123,12401.23265,12266.92521,11902.35354,12303.14165,11823.08693,11688.32179,11613.97901,10966.43493,10968.25849,10612.4261,10698.21952,10952.71146,11263.53192
Argentina,ARG,2078.28644,2109.496044,2003.437904,2167.719816,2279.29182,2392.893914,2357.952915,2438.089914,2752.090769,2708.936431,2847.256842,2901.273521,2974.695973,2943.869788,3052.381937
Armenia,ARM,1297.568273,1269.235623,1236.36366,1320.495751,1440.372831,1521.504841,1639.682271,1772.894892,1669.062175,1661.021455,1726.264557,1807.634701,1893.528,1933.983962,1965.783733
Australia,AUS,10193.91218,10636.37769,10813.12273,10434.87439,10554.81582,10458.45019,10490.48454,10972.89174,10749.11055,10791.5931,10726.92818,10627.29387,10403.61702,10213.03945,10059.20745
Austria,AUT,7076.269483,7333.231953,7427.656445,7695.080037,7808.157792,7977.681597,8244.401952,8207.474739,8233.014833,7944.796096,8382.711154,8425.167753,8548.882199,8510.061178,8360.518991
Azerbaijan,AZE,2040.47909,2106.470066,1996.708252,2235.459856,2281.947872,2388.388734,2552.286214,2118.210528,2040.760435,1620.38742,1603.431374,1705.424633,2052.650965,2092.536521,2202.393918
Belgium,BEL,8247.677113,8267.187216,8311.892679,8411.900657,8576.223497,8509.997073,8683.671285,8614.679503,8521.49674,7903.955479,8393.949623,8021.909269,7973.224172,7972.946352,7709.123078
Benin,BEN,58.11285283,61.46904228,68.26224876,64.6228902,70.32254435,73.78894982,75.0891821,79.71811485,86.35244953,87.87320679,95.44246988,91.53558018,93.12211948,96.75693349,100.2263892
Bangladesh,BGD,101.4886293,111.69426,119.2746738,125.4576704,160.2533607,170.6812527,190.9154645,199.8311925,201.2488571,219.2420592,239.8305315,257.6343732,274.8719582,292.7500271,310.3912261
Bulgaria,BGR,3673.606871,3859.090025,3853.819004,3997.902596,3971.822736,4165.180392,4366.912765,4523.322878,4674.503151,4483.747139,4560.414917,4863.691441,4761.912583,4639.706323,4708.927458
Bahrain,BHR,20014.62503,20130.48546,20016.37765,19774.98713,18982.99448,21325.55378,21508.45042,20592.90022,18492.00154,17460.33219,18038.26695,17910.9405,17845.48272,18687.69533,19592.23195
Bosnia and Herzegovina,BIH,2021.925789,2059.775928,2082.998416,2223.4588,2311.382342,2379.460166,2375.731188,2375.463699,2979.063391,2883.444311,3141.519643,3318.635949,3437.859766,3414.147965,3365.67394
Belarus,BLR,2996.309475,3009.402482,3000.745625,3063.056939,3174.053092,3245.372088,3365.981865,3393.908536,3481.743517,3298.703607,3563.637766,3628.45729,3697.397484,3648.32146,3679.97884
Bolivia,BOL,419.808737,420.7676803,434.3984898,441.9766595,452.1763062,482.170169,513.0699811,545.3614934,534.4872397,553.657088,604.3409709,637.4063673,663.3457707,705.4628613,752.6870217
Brazil,BRA,1891.970822,1742.485696,1800.517134,1875.323158,1948.408598,2007.27743,2063.097317,2157.437342,2218.883587,2185.745263,2361.055941,2416.462848,2485.588137,2551.407985,2601.365506
Brunei Darussalam,BRN,7544.089713,7179.882217,7371.701546,8548.653184,8594.721339,8462.090383,8432.140446,8616.458236,8593.230886,8843.792669,8809.711266,8776.360171,9223.310686,9841.859823,10242.7958
Botswana,BWA,1098.742146,1169.274076,1220.818752,1309.620864,1428.391816,1419.833047,1455.760896,1503.854443,1518.225644,1716.768979,1539.556477,1477.083992,1714.437507,2060.599284,1748.615334
Canada,CAN,16990.57839,16807.14499,16959.60079,17191.15419,17235.41178,16912.47834,16508.67863,16683.69014,16378.14227,15450.87955,15269.5726,15642.96775,15320.59425,15719.70823,15545.53511
Central Europe and the Baltics,CEB,3343.03081,3426.25819,3450.190101,3583.732181,3671.985179,3735.009268,3883.794765,3979.838553,4043.958924,3836.001039,4012.710424,4096.894084,4093.459357,4075.34293,4115.630201
Switzerland,CHE,7845.634548,7992.277576,8031.432226,8195.120835,8205.829119,8305.371102,8360.576135,8163.295576,8305.923042,8021.223604,8174.408162,7928.19067,7886.094306,7807.058815,7520.166025
Chile,CHL,2512.325102,2640.7952,2738.479234,2906.983,3072.347694,3102.483523,3229.269099,3347.262169,3347.568969,3307.655714,3320.415734,3600.344819,3827.439178,3903.972414,3911.649265
China,CHN,992.9433847,1076.549121,1194.856295,1379.484632,1585.838782,1782.312153,2039.01466,2325.926769,2446.369055,2612.45662,2943.589954,3298.003913,3474.988062,3773.405384,3927.0445
Cote d'Ivoire,CIV,171.5751975,180.2213971,175.2798215,173.5923058,173.1328681,171.8448915,182.2514958,187.9393843,196.7382682,201.7418821,216.4074491,198.1784334,236.1965437,234.4499159,276.1485663
Cameroon,CMR,178.0122002,167.8798019,157.6635358,170.0393767,195.7653248,189.7731992,250.117852,258.3799668,272.0155405,269.8051686,266.3429224,261.1541552,252.1536583,257.1145769,280.6666791
"Congo, Dem. Rep.",COD,96.63018532,95.61035839,89.79496569,90.27042267,88.24491554,89.51356855,101.8339826,105.3107968,101.2694156,106.8588427,104.7219202,108.0889103,112.2520723,117.0984931,108.5823312
"Congo, Rep.",COG,92.69228301,101.6344141,112.1161782,111.6339412,102.6227319,114.3012977,122.5807543,122.2258381,131.9423099,141.053273,136.5493323,143.8153845,208.9195256,207.3076254,197.2859935
Colombia,COL,829.3989416,850.4251723,858.6206682,862.5182615,898.3441057,895.8168431,947.1270942,974.3868628,974.2203965,1049.978201,1077.984569,1121.391104,1149.963818,1287.202426,1289.569693
Costa Rica,CRI,1521.102204,1499.70051,1572.89666,1658.761053,1694.754144,1736.411509,1838.333418,1900.688619,1903.371661,1858.402683,1901.31301,1898.717393,1956.974914,1954.572082,1957.930248
Cuba,CUB,1135.440746,1155.584988,1183.187945,1191.741845,1173.610477,1152.756855,1223.416691,1296.391169,1314.882711,1323.926753,1290.826274,1318.666686,1364.066144,1419.274709,1434.032704
Curacao,CUW,7291.199761,7222.174867,7282.999884,7521.02019,7571.241207,7613.070072,7243.041936,7323.540845,7149.712092,7423.399372,7471.268233,7379.119677,5062.858345,4934.274681,4797.670436
Cyprus,CYP,3373.314138,3455.235025,3703.301855,3918.221592,3946.912639,4099.612906,4238.127075,4377.124635,4554.519709,4577.096667,4585.626371,4239.732939,4035.021875,3587.738745,3624.895753
Czech Republic,CZE,5703.816739,5892.172595,5894.233119,6074.849142,6230.398228,6357.421095,6528.53015,6518.217413,6489.126257,6139.35206,6348.424398,6298.727678,6304.571923,6284.790806,6258.891037
Germany,DEU,6635.421406,6762.653396,6900.780527,7009.726492,7108.962524,7138.221485,7212.437448,7229.089913,7187.764009,6817.158398,7264.322591,7281.272174,7270.152523,7217.529089,7035.482975
Denmark,DNK,6482.488628,6490.092993,6533.752014,6602.63638,6615.569959,6659.000427,6824.745939,6668.390266,6534.12385,6219.701092,6327.506456,6165.97362,6038.552307,6039.432,5858.801536
Dominican Republic,DOM,1313.61632,1273.639131,1373.483759,1347.382178,1112.600486,1215.904709,1308.564476,1335.388111,1352.355415,1299.786502,1366.237674,1397.613167,1466.279992,1516.540327,1578.151662
Algeria,DZA,680.1959744,705.9347934,727.6126435,783.0323588,800.7043079,886.9145764,858.9340106,890.8143527,943.7557434,863.0859736,1012.690836,1118.50881,1231.970092,1272.296024,1356.264554
East Asia & Pacific (excluding high income),EAP,874.3929845,939.7713798,1029.560122,1167.928312,1324.237639,1468.155795,1655.153105,1864.758777,1954.130619,2082.25263,2330.829178,2578.088121,2716.974476,2931.687784,3048.125898
Early-demographic dividend,EAR,730.6256074,738.0316149,759.7735211,794.7444291,820.3132453,852.681732,894.1781561,928.5508564,948.6913442,963.2129625,1017.508569,1067.877072,1094.55602,1119.09046,1149.97034
East Asia & Pacific,EAS,1664.722367,1726.726014,1825.384975,1947.855583,2113.100531,2259.653432,2433.032105,2644.511943,2698.743582,2793.952913,3074.754873,3273.707452,3390.78353,3580.181297,3676.737232
Europe & Central Asia (excluding high income),ECA,3343.975183,3386.570468,3410.480161,3533.81038,3635.303358,3727.010575,3912.722747,4026.058049,4099.641553,3881.726039,4091.895705,4191.151644,4256.514523,4219.516155,4247.496935
Europe & Central Asia,ECS,4940.309862,5030.247128,5076.237834,5190.13957,5296.822073,5376.09027,5491.791453,5550.249128,5582.119048,5293.655094,5527.052323,5488.531294,5520.532084,5458.827618,5372.437297
Ecuador,ECU,637.521384,649.9773784,692.2397847,720.1119131,829.111227,799.7680127,868.1594676,958.927533,1083.989119,1111.203759,1143.780018,1217.339912,1281.545268,1333.265481,1380.610286
"Egypt, Arab Rep.",EGY,961.9490679,1013.254255,1062.527547,1128.721384,1171.169753,1241.342768,1311.364488,1401.19247,1446.626135,1512.459428,1550.810993,1658.96445,1658.770042,1658.593226,1657.76872
Euro area,EMU,6236.133616,6377.487274,6480.539328,6619.364558,6741.623226,6784.978438,6856.028239,6861.332234,6853.877348,6496.234607,6773.187614,6643.799614,6637.03172,6537.066178,6353.441597
Spain,ESP,5167.809673,5422.51569,5576.546265,5676.140491,5892.307411,6111.219223,6105.075849,6054.374438,6025.772757,5652.595933,5706.563063,5599.377374,5573.401182,5409.411338,5355.987006
Estonia,EST,4540.492561,4680.447946,4767.462935,5158.602778,5429.525522,5531.545829,5869.424789,6277.411463,6364.56783,5975.953811,6506.318181,6314.414448,6689.367776,6664.658569,6732.367473
Ethiopia,ETH,22.64893974,26.440945,26.10033035,28.47881865,30.62000963,33.36501141,37.31102464,39.40720843,40.86078515,42.06459396,48.26534928,52.60600393,57.3859796,64.3918912,69.71577388
European Union,EUU,5821.030765,5942.435523,6012.433963,6131.276478,6227.960908,6290.787342,6357.090593,6366.753376,6359.181134,6026.64164,6268.04239,6150.322813,6147.223053,6065.71602,5908.785143
Fragile and conflict affected situations,FCS,391.4891223,407.5079822,427.5028775,423.227778,452.2934336,433.732537,462.5105716,444.2243133,431.2325643,440.415182,512.989918,500.6401504,436.6973991,460.8305237,440.4113672
Finland,FIN,15305.40981,15709.88325,16140.06697,16445.57256,16777.56585,16117.89033,17215.03729,17160.86312,16349.23333,15243.11039,16484.09428,15710.97376,15689.22331,15510.8355,15249.98938
France,FRA,7224.526985,7342.256675,7299.24846,7529.550299,7661.49118,7652.864304,7540.295298,7513.57933,7643.44985,7338.041898,7734.726783,7232.980234,7363.426038,7367.856272,6937.862388
Gabon,GAB,878.0608258,896.8048554,921.6561381,930.6205794,908.9542994,907.9726268,935.7411596,958.9086169,970.4434556,932.0915529,948.0493351,959.8721585,984.7354619,1079.640846,1172.887323
United Kingdom,GBR,6114.529259,6141.982551,6142.749834,6174.550896,6138.754137,6270.984059,6200.554113,6102.396768,6015.726861,5643.128595,5700.855864,5471.924132,5449.252201,5409.630386,5129.527793
Georgia,GEO,1452.821221,1449.252234,1509.754418,1607.765636,1678.680801,1784.9642,1659.816248,1730.524253,1796.774194,1757.667169,1976.821192,2219.096774,2271.372549,2459.745763,2688.489402
Ghana,GHA,332.0174782,337.7681711,310.9233938,221.1594959,219.8552443,245.8452227,296.7428157,244.0946366,264.2643519,263.0122343,280.5144756,318.4883756,345.7033016,379.6745123,354.714053
Gibraltar,GIB,3880.692752,3888.570154,3962.718742,4098.360656,4138.449962,4394.576905,4520.683676,4613.964934,4918.733961,5128.049521,5182.439965,4969.315971,5085.80436,5409.240046,5640.754451
Greece,GRC,4586.32987,4719.147217,4909.639698,5091.292424,5200.024354,5297.200025,5434.576469,5701.330854,5805.192546,5627.883706,5333.439556,5389.333122,5534.897159,5028.995794,5062.606422
Guatemala,GTM,330.4510279,357.9890425,363.0154131,450.7827621,482.5377972,480.6800963,533.0294645,543.4923037,530.5444681,537.7820719,541.9531104,534.5537025,532.6416195,558.4047513,577.8858859
High income,HIC,8856.543988,8769.664619,8920.721561,8999.864906,9130.6827,9295.506902,9309.438811,9402.946003,9360.152849,8955.510579,9333.465467,9216.283051,9152.081084,9151.53372,9086.81068
"Hong Kong SAR, China",HKG,5446.661665,5549.945638,5647.899646,5713.882451,5782.560625,5878.441848,5882.807601,5907.349305,5883.037742,5950.83754,5973.349278,5959.895922,6031.244318,5941.160902,6083.269936
Honduras,HND,492.1613609,499.7713303,521.6258349,545.7915406,544.824631,580.0556864,591.1364539,643.2301518,665.0866836,633.3524206,627.106677,674.2420614,646.7468785,653.6313849,630.1355308
Heavily indebted poor countries (HIPC),HPC,128.7174738,138.9957927,138.7371428,141.4659866,149.7400631,155.6049026,165.4754304,167.6434901,166.988145,168.6274749,177.7929296,183.666728,196.101025,201.6770911,207.1730082
Croatia,HRV,2855.851785,2898.648649,3092.342342,3157.657658,3325.523767,3475.911751,3635.810811,3737.601443,3877.995033,3711.607698,3813.679311,3900.601361,3819.280253,3754.268698,3714.382988
Haiti,HTI,35.44191269,34.85736722,30.334816,28.51874528,28.07270568,37.02742534,37.4091725,25.32204779,23.59601398,35.72563121,24.40093456,31.14818314,45.97048753,43.71259506,38.96914873
Hungary,HUN,3309.283711,3426.722902,3545.170756,3637.278332,3680.168467,3771.364614,3882.490664,3976.518977,3988.767694,3773.153807,3876.491084,3898.823143,3923.042324,3892.113701,3965.958233
IBRD only,IBD,1165.007176,1191.181575,1244.252078,1333.808042,1426.424935,1510.274636,1632.033871,1754.170462,1810.176987,1851.109112,2011.05554,2157.480637,2233.971921,2338.654878,2402.428501
IDA & IBRD total,IBT,994.8980177,1015.756477,1058.470226,1130.709321,1206.222561,1273.644066,1371.275116,1466.968917,1507.264125,1537.353435,1665.158524,1778.414298,1832.121078,1911.897331,1958.140094
IDA total,IDA,250.6360426,256.7602293,263.7684188,271.817452,285.6496008,295.5586115,305.8947923,307.2875487,298.4833283,299.8950085,317.3234148,318.9614276,316.6208912,321.2655879,321.6492434
IDA blend,IDB,367.7748785,368.9006471,380.4026076,389.7073175,402.5496901,414.6153685,422.1538809,417.596336,393.7953562,391.6967889,401.582629,399.5390456,397.7523911,407.4281159,404.8593022
Indonesia,IDN,390.3745511,411.3162034,417.2075298,428.397417,473.6764808,499.7160945,514.8665408,544.7120817,568.3960515,592.1564174,634.1760898,678.6442926,732.1023539,773.293854,811.9001839
IDA only,IDX,176.1779576,185.505682,189.6964224,196.9849165,211.4586483,219.9738967,232.0247681,237.1016273,237.7244211,241.2385208,263.3040822,267.1154493,265.0331803,266.3171162,268.4290759
India,IND,394.9638097,395.1047593,411.9673978,431.8411318,453.0102057,469.4539231,510.7516179,543.3586454,562.8991702,600.2017021,642.1116154,698.5478127,724.7911885,765.5638456,805.5991906
Ireland,IRL,5796.055581,5896.939225,6035.686646,6092.548994,6168.398988,6241.715574,6351.099111,6218.313404,6340.733045,5947.909489,5927.86868,5661.605045,5666.575901,5730.386095,5721.835085
"Iran, Islamic Rep.",IRN,1534.615981,1628.119798,1727.335216,1869.756247,1990.301233,2060.086186,2200.205874,2285.040672,2398.472099,2479.916388,2631.239763,2651.077043,2751.342926,2795.956949,2985.68728
Iraq,IRQ,1237.406703,1238.472485,1264.550379,1040.790903,1202.130563,833.8508879,972.9975314,768.8505491,750.1867738,836.5041346,1195.993811,1272.730877,1110.274775,1397.125326,1305.687469
Iceland,ISL,26201.52558,26950.39443,27896.89868,27666.38689,28215.45225,27988.02968,31328.3868,36852.54489,50063.95433,51259.18763,51439.90869,52373.87701,53202.83366,54799.17471,53832.47909
Israel,ISR,6323.103832,6400.217425,6502.739726,6597.306307,6525.921574,6572.199535,6711.229567,7003.24508,7134.002846,6607.887143,6953.276667,6930.000773,7184.501612,6710.093678,6600.89828
Italy,ITA,5299.856479,5406.491722,5539.703837,5652.519542,5687.997573,5731.101557,5833.467297,5804.325964,5757.960611,5368.390567,5493.711037,5514.803615,5397.741477,5159.183655,5002.40668
Jamaica,JAM,2274.486011,2275.672382,2343.211476,2405.888861,2376.888987,2392.999093,2366.789734,1921.838739,1156.938657,1218.580626,1213.257088,1203.395803,1038.017706,1015.49649,1055.523469
Jordan,JOR,1294.49965,1330.128804,1409.554026,1452.16383,1564.420808,1592.548692,1695.080341,1802.62485,1866.61514,1831.371875,1865.674239,1868.132869,1941.17714,1877.585736,1888.116953
Japan,JPN,8299.409506,8162.014644,8266.099102,8164.933682,8393.257723,8539.010589,8542.478139,8710.025703,8270.007731,8020.273806,8594.909034,8099.598695,7998.346771,7988.58331,7819.714636
Kazakhstan,KAZ,3169.523341,3512.035501,3558.327279,3768.792821,3859.192559,4012.073919,4261.212572,4487.28613,4689.166773,4447.357843,4728.095887,4892.912796,5180.858682,5345.555032,5599.90431
Kenya,KEN,106.103299,115.7434551,114.9514953,120.5947042,127.869104,130.2142282,138.0490418,141.7059522,141.1551364,142.1072896,150.2775613,151.1291532,152.8411278,163.4734576,166.7381869
Kyrgyz Republic,KGZ,1696.064021,1445.875715,1365.94065,1644.359844,1417.908986,1374.307519,1377.433696,1456.229595,1378.720364,1323.723367,1371.721214,1649.258332,1809.102582,1887.020071,1941.221832
Cambodia,KHM,32.75085634,36.52497369,50.33744689,51.5049882,55.72831589,66.76613263,80.74517705,100.6091165,114.6211569,127.9612054,144.3173892,165.1546862,207.2834659,221.5980997,271.4332395
"Korea, Rep.",KOR,5906.959333,6309.203405,6673.937704,6977.317662,7390.794147,7796.314674,8039.796283,8462.206543,8772.287463,8877.574933,9716.126081,10129.95709,10305.32898,10384.62216,10496.51367
Kuwait,KWT,14027.61246,14471.7224,15095.39223,16331.06175,16629.98842,17028.29147,17738.92442,17097.47904,17054.75165,16531.3971,16722.6858,15786.33497,15833.04767,14891.12477,15213.41987
Latin America & Caribbean (excluding high income),LAC,1548.889586,1512.262742,1536.471545,1607.108915,1637.536521,1689.709071,1732.292197,1788.931094,1841.517141,1820.570663,1909.47671,1992.131843,2037.284338,2055.379385,2058.60268
Lebanon,LBN,2985.44276,2946.552221,3010.357845,2963.692204,2847.848725,2810.738899,2694.615944,2796.058991,2966.397611,3140.45185,3478.789368,3342.582809,2802.251402,3100.394951,2892.770465
Libya,LBY,2222.657476,2256.750493,2773.940912,2950.167665,3109.158511,3431.39489,3795.842341,3795.582244,3159.384366,3148.967996,3377.29408,2863.808369,2272.896675,2367.183831,1857.156581
Latin America & Caribbean,LCN,1587.783246,1556.157303,1582.0783,1655.804741,1689.865682,1742.275757,1788.392395,1848.135091,1899.610865,1878.583139,1966.256547,2054.148164,2104.555598,2124.747788,2128.816995
Least developed countries: UN classification,LDC,87.20221963,96.48712863,100.5971632,108.1729603,122.0513468,127.749107,138.0111765,142.8509965,143.6969597,151.155825,164.7996971,172.1925411,181.2677506,194.5099686,204.709023
Sri Lanka,LKA,294.7512658,290.8044359,303.1590877,326.4064425,354.6257078,400.5212307,403.6064594,420.9827281,427.2070476,426.1501047,461.1267067,504.2082908,524.3198689,527.2020832,535.0675567
Lower middle income,LMC,442.5523018,448.9539401,463.8414741,484.4513729,509.678216,530.1690023,561.9306954,588.4085537,600.1287878,619.2621275,661.2201329,699.1448857,719.6446174,745.4935411,769.0503379
Low & middle income,LMY,969.876519,990.8227514,1034.062476,1105.589549,1180.593291,1248.254812,1344.985673,1440.228045,1480.660072,1511.818545,1638.791791,1750.977084,1804.340254,1884.092039,1930.389389
Late-demographic dividend,LTE,1537.32202,1590.375413,1678.016745,1827.61253,1984.814199,2132.24181,2338.888852,2553.597768,2655.286285,2738.048181,3008.427988,3245.439654,3389.709422,3586.111237,3703.840614
Lithuania,LTU,2516.905098,2695.906268,2848.913483,3087.655148,3196.849344,3187.03108,3353.304327,3564.206785,3733.626495,3622.290317,3470.78503,3529.918778,3607.703798,3663.671197,3821.14517
Luxembourg,LUX,15668.11827,15616.32977,15980.2768,16258.88449,16300.11242,15644.14672,16456.60412,16352.3218,15937.78778,14425.96473,16829.96254,15586.08423,14703.94353,14193.16843,13914.67845
Latvia,LVA,2082.321387,2213.360603,2307.186518,2493.930169,2607.45996,2777.38198,2966.609973,3169.077295,3213.12144,3026.611489,3229.951062,3264.05332,3587.932866,3472.541385,3507.404521
Morocco,MAR,489.0878809,523.9218703,534.9621555,580.4529074,610.9820031,633.1036232,686.7330458,715.8484976,732.1298275,744.2974887,774.3683908,823.8883054,874.4280466,878.5869314,901.1284488
Moldova,MDA,1638.095699,1804.507386,1872.449326,2101.927717,1960.906729,2047.737712,2166.121975,1996.415901,2028.229958,1740.799034,1722.886713,1470.230501,1514.530474,1352.792108,1386.234439
Middle East & North Africa,MEA,1740.910038,1818.250632,1900.037184,1993.071599,2057.141866,2135.575956,2251.642814,2320.385296,2400.99544,2454.312096,2642.255365,2675.354292,2731.887173,2779.793784,2875.315078
Mexico,MEX,1750.556158,1784.87662,1796.769753,1952.538011,1882.395463,1950.98786,1974.469114,1998.7241,1995.437183,1942.760548,1963.314688,2153.71537,2187.227534,2079.193579,2090.175944
Middle income,MIC,1017.768369,1039.829503,1086.484888,1162.515476,1242.449346,1314.884348,1418.755122,1521.396455,1565.864257,1600.645903,1736.970148,1858.480476,1920.492402,2007.66452,2059.146934
"Macedonia, FYR",MKD,2895.589239,2800.999784,2755.587312,3108.950603,3143.340915,3374.311741,3450.072583,3621.472816,3676.154046,3421.305857,3574.086353,3882.969509,3681.228291,3551.024479,3496.999993
Malta,MLT,4311.858637,4292.315051,4500.3523,4872.272205,4797.292583,4912.90976,4897.510042,4873.083467,4836.593963,4434.186633,4767.097378,4867.0568,5008.880571,4945.981567,5007.440964
Myanmar,MMR,76.276489,69.25024482,73.90716463,80.81907752,81.33344075,75.5734829,89.15689595,90.2757133,95.00856027,100.259655,125.4089848,155.7176661,157.3161091,186.8287082,216.7776086
Middle East & North Africa (excluding high income),MNA,1048.711466,1098.493749,1159.414711,1206.28286,1275.866485,1302.783439,1378.184547,1413.460751,1450.176383,1484.690514,1613.091124,1639.579709,1628.796257,1661.941641,1687.023515
Montenegro,MNE,,,,,,6314.905228,6451.770253,6564.643799,6287.187849,5010.561319,5419.51607,5741.203943,5415.717989,4574.964545,4612.34139
Mongolia,MNG,1053.625623,1071.17353,1096.716031,1139.195703,1195.915464,1251.956305,1299.055673,1333.88896,1425.728017,1380.660041,1492.636352,1500.625019,1594.043975,1902.334071,2017.513619
Mozambique,MOZ,123.1480266,271.8847596,260.5584697,367.1525889,440.0201746,441.7611756,449.0551858,449.153875,432.3589369,431.8981802,440.3955922,440.6751593,445.3859673,436.1367087,462.6202881
Mauritius,MUS,1363.24611,1453.664547,1473.492493,1561.765991,1614.246648,1683.690833,1743.117482,1816.671103,1881.649775,1907.12257,1995.361484,2025.704166,2075.035712,2148.328411,2182.509156
Malaysia,MYS,2748.08407,2759.536547,2821.66756,2915.868039,2986.322177,2877.230962,3072.419424,3284.515477,3301.234636,3960.60435,4159.639935,4104.888234,4323.346882,4484.169981,4596.331939
North America,NAC,13997.45135,13416.44211,13656.36018,13689.79476,13767.52739,14020.75967,13871.17152,13955.33063,13930.97064,13164.36452,13579.74638,13480.7464,13194.50092,13270.35554,13243.5268
Namibia,NAM,994.0729454,1028.136177,1063.630808,1106.449169,1380.132071,1451.139555,1540.568965,1549.582555,1589.935315,1541.852282,1546.588624,1567.957697,1610.029268,1631.757982,1584.568822
Niger,NER,32.67866487,30.75099711,30.39488278,29.78619517,33.51867127,36.7149005,34.88520856,39.13190438,39.2684124,42.68393281,44.32111917,47.525186,49.51602317,48.46314836,51.44081546
Nigeria,NGA,74.4491249,75.52798212,104.6035917,101.8696822,123.5656488,129.257719,111.693028,138.8363146,127.1787957,120.5747217,136.3616921,150.1316244,156.7329688,142.6764793,144.4799245
Nicaragua,NIC,347.736411,346.6156938,355.5867336,370.9301436,396.632354,416.9665802,429.7081342,464.1345168,477.9689217,484.0661415,514.1412369,537.03455,579.5367381,598.0745565,580.4791722
Netherlands,NLD,6507.105925,6599.26537,6641.740762,6695.715124,6882.970221,6912.372085,7025.834479,7157.378577,7173.046299,6856.281897,7006.273821,7060.053768,6876.589753,6833.911435,6712.774758
Norway,NOR,24993.7263,25590.68943,24620.33613,23201.39413,24214.10698,25083.21453,24099.93226,24855.00046,24866.13431,23859.70958,24890.92401,23510.38383,24070.98592,23806.88488,22999.9346
Nepal,NPL,59.30690697,64.97866444,67.97918876,70.90003324,74.75468944,77.37822903,84.23083829,88.19429692,84.07659219,97.45297342,102.5047536,114.6113057,118.01117,131.4260946,139.1436806
New Zealand,NZL,9384.348187,9417.343126,9526.655692,9407.032181,9666.299694,9673.673771,9700.090809,9640.607983,9556.317198,9403.848836,9601.903142,9458.485401,9360.949162,9089.619774,9026.321041
OECD members,OED,7971.459217,7875.560536,7997.773128,8061.393784,8169.702278,8307.451553,8310.068624,8391.064627,8346.319755,7960.740774,8279.732959,8189.809667,8114.501499,8085.22313,7994.744058
Oman,OMN,3201.952741,3436.048749,3522.706096,3550.983019,3830.655965,3923.912572,4209.073899,4378.160722,4776.706461,5239.439434,5521.032662,5879.031331,6236.427177,6296.408361,6553.519696
Pakistan,PAK,372.399485,378.1882524,384.7867669,409.8213013,429.1077813,463.0573335,486.7913695,480.986525,442.7093755,458.8398247,465.1613235,455.3224139,450.3811453,481.8763388,471.0415689
Panama,PAN,1266.521623,1289.128597,1324.118485,1359.539869,1424.053101,1455.052072,1477.930543,1571.888643,1626.724698,1639.387772,1744.884061,1824.001519,1954.180005,2016.953665,2062.763545
Peru,PER,680.1883968,706.0562698,740.8238049,764.9862806,802.8395941,837.2928906,887.6225298,968.128767,1039.453278,1040.635578,1094.314271,1241.667126,1211.314738,1267.596676,1307.510966
Philippines,PHL,499.3488463,518.8832806,522.3838216,555.5692451,575.4707987,576.6495507,568.2533898,582.3828814,585.5637301,590.1266675,639.540799,645.4379681,666.4936315,685.6650324,699.2050698
Poland,POL,3256.180455,3260.033263,3208.392157,3324.471392,3416.118632,3437.323998,3584.962188,3661.646104,3725.748778,3590.832081,3797.092296,3879.542094,3899.176642,3938.255208,3971.799761
Pre-demographic dividend,PRE,168.4585525,177.3872574,188.4525732,180.7548998,202.8843918,185.5930755,194.4991606,192.7878447,187.9381853,192.8795108,224.4966701,233.9776734,230.9889254,248.0068822,249.7469587
"Korea, Dem. People’s Rep.",PRK,712.3706473,735.2213251,713.4690661,751.0661239,779.6203696,807.0141076,785.0431757,748.6998978,802.8306056,727.0974423,741.6760496,654.7125999,651.5642491,617.6664862,600.285957
Portugal,PRT,3988.960824,4119.670488,4271.168528,4375.732217,4533.539695,4682.991013,4827.467182,4890.560188,4850.837413,4843.849694,4959.094305,4848.279337,4736.351771,4685.054787,4662.6008
Paraguay,PRY,887.4724197,873.9279817,884.7965485,839.5224636,828.2284957,863.7745117,920.8206438,984.0502072,1033.550368,1092.88155,1178.606275,1282.53548,1368.035805,1472.994584,1563.505329
Post-demographic dividend,PST,8799.315659,8703.082156,8855.425747,8922.032235,9060.885877,9224.284623,9227.078918,9319.229725,9271.776217,8847.643588,9223.04257,9101.785031,9012.402206,9000.746543,8895.322091
Qatar,QAT,14353.32375,15006.01408,15760.64145,16228.90968,16231.03228,15467.1896,15702.97175,15192.92084,14457.20348,14232.64059,14821.23712,14761.37443,15462.40747,14445.4077,15309.42938
Romania,ROU,1987.66019,2066.783933,2079.796062,2237.937816,2295.570505,2365.419564,2446.286077,2529.906888,2605.819735,2390.574743,2550.863291,2639.033434,2604.243137,2494.533918,2584.411787
Russian Federation,RUS,5198.416768,5274.377721,5304.431723,5478.14413,5633.855746,5770.112336,6098.538123,6286.050536,6399.684466,6095.380575,6409.895218,6485.760845,6617.136241,6539.211202,6602.657525
South Asia,SAS,357.1858789,358.887215,373.4867072,392.3133313,414.4211489,432.2981977,468.7465797,494.5038904,505.7868785,538.2035058,573.6350948,618.3658942,639.820944,676.3327983,707.5577531
Saudi Arabia,SAU,5637.557363,5919.095709,6021.461946,6472.568237,6326.087902,6590.281948,6820.487714,6923.850005,7188.992462,7468.336731,7973.513579,8023.544144,8522.896147,8816.31724,9444.215664
Sudan,SDN,62.40534411,52.2182132,60.94576248,64.22770242,64.52656635,75.87944009,84.25703583,90.54622292,98.42317781,112.8216056,131.0552689,141.6453441,156.9423377,158.6586698,190.2208868
Senegal,SEN,101.6789471,123.3410992,145.7170583,125.9489513,138.4636504,157.9377823,157.1374268,181.1588558,158.309309,189.0698504,199.1293279,199.6855854,210.7488788,210.1935367,223.4961633
Singapore,SGP,7575.435954,7516.1696,7756.318921,8113.587306,8314.325321,8678.168168,8720.022084,8706.579067,8401.048395,8114.367449,8679.99335,8651.755275,8673.985216,8680.606361,8844.687593
El Salvador,SLV,617.1149968,628.856061,669.6628101,696.3033793,692.7438539,758.339621,820.113604,885.3492453,858.7138342,848.9108197,859.743965,883.1565621,918.1440502,961.3204886,939.1533991
Serbia,SRB,4198.715706,4434.370241,4480.344352,4332.679062,4258.251568,3921.906459,4040.44002,4159.137225,4291.843158,4224.397665,4358.812174,4489.57085,4386.534552,4444.222971,4271.744667
Sub-Saharan Africa (excluding high income),SSA,510.0638718,488.9580164,509.4118442,508.3494706,516.1297769,520.2248043,524.8865997,534.3648762,510.9701857,488.1874343,502.4888221,506.4802338,491.0581172,485.9213694,480.3287353
South Sudan,SSD,,,,,,,,,,,,,38.73081969,39.81215819,39.89256412
Sub-Saharan Africa,SSF,510.0638718,488.9580164,509.4118442,508.3494706,516.1297769,520.2248043,524.8865997,534.3648762,510.9701857,488.1874343,502.4888221,506.4802338,491.0581172,485.9213694,480.3287353
Suriname,SUR,2258.726899,2352.74417,2540.141271,2475.774678,2593.035269,2767.834595,2768.155112,2776.115596,3043.785475,3040.611272,2997.511894,3339.045767,3340.30316,3662.402772,3631.864041
Slovak Republic,SVK,4955.907896,5027.452807,5051.59839,5021.798222,5097.835556,4932.803281,5153.121484,5272.370783,5294.435099,4954.138251,5201.404897,5347.526223,5137.789018,5202.467288,5137.073835
Slovenia,SVN,5777.995651,6006.34519,6380.951903,6578.034236,6830.705073,6917.860467,7123.537771,7137.824175,6920.244039,6104.421845,6510.841884,6753.073664,6718.975052,6779.280887,6727.999302
Sweden,SWE,15681.61527,16020.98031,15709.42967,15360.17889,15420.97314,15430.96395,15262.58727,15257.93575,14869.34898,14143.01101,14934.32696,14030.16315,14289.59509,13870.38991,13480.14822
Syrian Arab Republic,SYR,1064.90536,1144.159096,1233.328775,1294.209345,1399.197311,1503.338879,1549.618591,1559.583485,1584.959304,1543.009129,1853.432973,1690.232546,1365.134331,1056.431473,949.5867592
East Asia & Pacific (IDA & IBRD countries),TEA,876.4809538,942.4061221,1033.631705,1173.299291,1331.254771,1476.669161,1666.345075,1879.094089,1968.892603,2099.59626,2351.131155,2602.616649,2743.265934,2961.088092,3079.164097
Europe & Central Asia (IDA & IBRD countries),TEC,3336.2489,3375.432366,3392.686541,3515.395753,3616.048163,3701.631488,3884.060295,3994.256003,4067.085969,3856.48161,4066.494114,4164.412985,4226.002335,4195.642855,4224.235669
Togo,TGO,94.35922941,98.00910448,95.21139978,101.8288196,106.0600969,108.0364326,107.0610258,101.0440384,103.5412402,122.5816969,122.5597236,133.0981384,142.5763636,142.5539419,152.720014
Thailand,THA,1447.948944,1504.658507,1617.463436,1713.4859,1827.044983,1914.529617,2004.90203,2079.820544,2104.972578,2100.674014,2307.331503,2283.35115,2443.326622,2514.812036,2539.611194
Tajikistan,TJK,2161.608248,2140.308592,2133.633017,2127.149405,2143.950676,2129.212906,2113.974645,2047.149308,1920.454496,1883.492695,1864.916255,1783.788507,1734.570664,1668.295261,1479.777274
Turkmenistan,TKM,1692.156406,1782.834657,1776.354978,1746.231158,1913.722802,2051.679612,2115.546334,2254.351366,2316.562265,2353.458002,2382.052245,2412.031864,2428.889721,2540.867719,2678.806149
Latin America & the Caribbean (IDA & IBRD countries),TLA,1596.221688,1563.444994,1589.243872,1664.211093,1699.249163,1753.041545,1798.596071,1857.913739,1909.972674,1888.144125,1978.07192,2067.036807,2118.018363,2137.455109,2141.237888
Middle East & North Africa (IDA & IBRD countries),TMN,1048.711466,1098.493749,1159.414711,1206.28286,1275.866485,1302.783439,1378.184547,1413.460751,1450.176383,1484.690514,1613.091124,1639.579709,1628.796257,1661.941641,1687.023515
South Asia (IDA & IBRD),TSA,357.1858789,358.887215,373.4867072,392.3133313,414.4211489,432.2981977,468.7465797,494.5038904,505.7868785,538.2035058,573.6350948,618.3658942,639.820944,676.3327983,707.5577531
Sub-Saharan Africa (IDA & IBRD countries),TSS,510.0638718,488.9580164,509.4118442,508.3494706,516.1297769,520.2248043,524.8865997,534.3648762,510.9701857,488.1874343,502.4888221,506.4802338,491.0581172,485.9213694,480.3287353
Trinidad and Tobago,TTO,3990.586632,4099.404266,4081.897769,4770.056041,4697.276711,5142.12751,5307.164826,5668.851107,5707.130758,5714.207888,6189.292975,6389.778751,6628.711646,6876.331357,7134.034654
Tunisia,TUN,977.4005003,1036.205786,1066.874716,994.0965894,1035.078159,1083.991043,1108.164897,1151.767314,1189.7377,1274.587681,1364.388547,1320.63779,1403.735284,1417.941601,1444.107399
Turkey,TUR,1652.748261,1613.017953,1667.422593,1771.923691,1891.927446,2013.890143,2178.862434,2347.117555,2421.97505,2314.113905,2491.631262,2696.3148,2772.058049,2760.64603,2854.565849
Tanzania,TZA,57.93193185,61.5940664,66.83135301,66.65038631,77.98696073,77.66956788,63.61519153,79.35842518,83.52179276,69.85455543,92.95294947,83.85378104,93.75955588,95.97801748,99.16747374
Ukraine,UKR,2778.43709,2790.5344,2844.810954,2997.974398,3151.147696,3246.035731,3399.522311,3528.924829,3534.357152,3227.955434,3549.847724,3662.443306,3640.556836,3600.229503,3418.585024
Upper middle income,UMC,1602.118062,1645.440525,1730.519139,1870.310482,2014.32787,2148.663314,2337.27609,2530.526431,2619.518165,2680.288508,2930.239173,3154.747888,3273.144244,3439.550236,3532.829685
Uruguay,URY,2030.262748,2000.238646,1997.732417,1884.451009,1928.945494,1999.631947,2220.925998,2413.360797,2586.229536,2659.723947,2803.152546,2808.344931,2931.013723,2985.030832,3067.951126
United States,USA,13671.05202,13046.61415,13296.1823,13307.49201,13388.58971,13704.57705,13583.26696,13657.45283,13663.42797,12913.71469,13393.99128,13242.48711,12959.20384,12998.062,12986.7407
Uzbekistan,UZB,1780.457924,1769.396081,1775.809844,1764.456256,1765.480285,1717.201055,1755.759629,1664.061337,1652.65101,1643.149881,1653.467496,1631.526207,1610.807906,1637.194477,1645.441629
"Venezuela, RB",VEN,2635.376673,2699.323197,2725.090225,2632.079149,2761.589951,2848.586521,2956.477966,2970.717318,3069.07532,3030.81894,3130.938979,3193.02416,3245.567202,3240.599399,2657.622338
Vietnam,VNM,285.2816799,324.9325403,375.6139111,430.8641373,481.2656231,566.7377027,641.5917002,724.1040503,798.2557417,901.2577307,1016.59824,1095.837183,1197.642313,1266.457718,1410.914905
World,WLD,2384.206896,2377.819682,2432.587818,2497.931462,2575.746467,2653.491336,2729.764035,2819.372702,2840.65653,2791.113615,2954.756663,3019.614313,3044.350439,3103.958834,3125.395284
Kosovo,XKX,1557.058824,1968.075789,1953.815697,1908.461924,2111.318521,2169.095663,2225.018842,2395.863861,2644.526129,2558.084877,2649.689133,2946.957007,2862.840682,2907.735322,2804.369305
"Yemen, Rep.",YEM,139.0231178,143.6096037,151.3807761,161.5962441,169.2555573,179.420546,189.550982,206.6514172,225.3494314,222.4598822,249.9705699,190.2507343,190.4056966,246.7516635,216.2588312
South Africa,ZAF,4503.774084,4226.645998,4444.524967,4470.822484,4498.97865,4547.651272,4638.224223,4777.05886,4606.629488,4385.254323,4510.216535,4543.628485,4352.392033,4279.247595,4198.401194
Zambia,ZMB,591.0045948,611.1348492,635.4982087,653.8268658,674.5798963,681.4548368,692.6181937,652.5237282,579.0170194,558.2466715,580.143022,621.041117,721.4996908,735.8836841,707.1902175
Zimbabwe,ZWE,872.8343085,840.842735,839.9647215,834.2635689,805.0081115,832.378158,807.587959,698.954509,573.2948167,531.0414125,546.8427269,570.250932,542.7295517,557.573925,536.9954921
